{"nwrmsle": 0.8311909047411637, "r2_score": -0.33603682199392737}